strategy,dataset_source,split_mode,train_rows,test_rows,threshold,precision,recall,f1,false_positive_rate,pr_auc,roc_auc,tn,fp,fn,tp,stability_window_count,f1_mean,f1_std,f1_worst_window,pr_auc_mean,pr_auc_std,pr_auc_worst_window,recall_mean,recall_std,recall_worst_window,rank_pr_auc_mean,rank_recall_worst,robustness_score,rank_robustness_score
baseline,ieee_cis,time,472432,118108,0.5,0.22532617037605526,0.7224409448818898,0.3435123435123435,0.08850969801129388,0.5201131967379166,0.9074156911688597,103950,10094,1128,2936,3,0.23172995729114484,0.16389172724804305,0.0,0.3591986339968322,0.2371361742873011,0.02392725302265723,0.46007625175521233,0.3263920189199412,0.0,1,1,-0.0633179574741207,5
smote_then_undersample,ieee_cis,time,911666,118108,0.5,0.2221671826625387,0.44143700787401574,0.29557624186506304,0.05507523412016415,0.3317316965506094,0.8221129160554002,107763,6281,2270,1794,3,0.21209325315100092,0.15109992009191148,0.0,0.24521764356535067,0.15771152935646937,0.02392725302265723,0.300193073354544,0.2123915872980837,0.0,2,1,-0.04349580839989603,2
random_undersample,ieee_cis,time,33198,118108,0.5,0.1737627766747555,0.5814468503937008,0.26756496631376325,0.09852337694223283,0.3874067359939994,0.8393783838300288,102808,11236,1701,2363,3,0.1338208223682174,0.10923295354213304,0.0,0.21640589896583573,0.14916502235694304,0.02392725302265723,0.44859364539082724,0.3258722952635208,0.0,4,1,-0.0576321537629427,4
smote,ieee_cis,time,911666,118108,0.5,0.1490353697749196,0.4562007874015748,0.22467280659234126,0.09282382238434289,0.2938449600121364,0.7769747590773086,103458,10586,2210,1854,3,0.15053651487224148,0.10644940293802399,0.0,0.20373770724763948,0.12714529851265938,0.02392725302265723,0.32994503297133004,0.23543828809392223,0.0,5,1,-0.038319911829223854,1
adasyn,ieee_cis,time,913852,118108,0.5,0.12191219121912192,0.5999015748031497,0.2026431718061674,0.15397565851776507,0.2984846821572866,0.7898291155478877,96484,17560,1626,2438,3,0.15526804045598427,0.1125365826339757,0.0,0.22516239226730148,0.14402943737485296,0.02392725302265723,0.3705465745957828,0.2644765526740627,0.0,3,1,-0.04453014750400949,3
