preprocessing_setting,split_mode,threshold,precision,recall,f1,false_positive_rate,pr_auc,roc_auc,tn,fp,fn,tp,feature_whitelist_active,selected_feature_count,label_policy
frequency_robust,time,0.7000000000000002,0.2139644044592216,0.2691929133858268,0.2384221423123025,0.035240784258707164,0.16212335456040722,0.7695000152931719,110025,4019,2970,1094,False,443,transaction
onehot_robust,time,0.7500000000000002,0.2207482993197279,0.31938976377952755,0.2610619469026549,0.04017747536038722,0.1857702524642842,0.8025148835702866,109462,4582,2766,1298,False,443,transaction
