strategy,dataset_source,split_mode,train_rows,test_rows,threshold,precision,recall,f1,false_positive_rate,pr_auc,roc_auc,tn,fp,fn,tp,stability_window_count,f1_mean,f1_std,f1_worst_window,pr_auc_mean,pr_auc_std,pr_auc_worst_window,recall_mean,recall_std,recall_worst_window,rank_pr_auc_mean,rank_recall_worst,robustness_score,rank_robustness_score
baseline,creditcard,time,227845,56962,0.5,0.8769230769230769,0.76,0.8142857142857143,0.00014062966934448996,0.8017277698142272,0.9912101769004049,56879,8,18,57,3,0.5386462022825659,0.3809152972085781,0.0,0.537648843719786,0.37822620079443436,0.002756271835115254,0.5250420168067227,0.37194225350904936,0.0,1,1,-0.10967902806332225,5
smote,creditcard,time,454856,56962,0.5,0.8055555555555556,0.7733333333333333,0.7891156462585034,0.00024610192135285743,0.8064249095216247,0.968799432793667,56873,14,17,58,3,0.5149469456993994,0.36437754988667453,0.0,0.5270483943374064,0.3708461900716031,0.002756271835115254,0.5350887021475257,0.3791203968485959,0.0,4,1,-0.10814132659904996,3
smote_then_undersample,creditcard,time,454856,56962,0.5,0.7945205479452054,0.7733333333333333,0.7837837837837838,0.00026368063002091865,0.794730670103116,0.9652064619333063,56872,15,17,58,3,0.5165239733409206,0.36542495917753987,0.0,0.5316351679942944,0.3739922951441265,0.002756271835115254,0.537889822595705,0.3813278902104468,0.0,2,1,-0.10878084221636519,4
adasyn,creditcard,time,454839,56962,0.5,0.7837837837837838,0.7733333333333333,0.7785234899328859,0.0002812593386889799,0.8046331677115686,0.9675084524290846,56871,16,17,58,3,0.5014238000279015,0.35480305832108505,0.0,0.530546509043023,0.37320437289630626,0.002756271835115254,0.5350887021475257,0.3791203968485959,0.0,3,1,-0.1074067288464014,2
random_undersample,creditcard,time,834,56962,0.5,0.0626204238921002,0.8666666666666667,0.11680143755615453,0.017104083534023592,0.7928887629809026,0.9915872987970304,55914,973,10,65,3,0.08551906818302986,0.06052613550301312,0.0,0.511964482636678,0.36056309093250694,0.002756271835115254,0.6042577030812325,0.42781754605171507,0.0,5,1,-0.08221933653973576,1
